Node ID, X, Y, Z 
24 15.999999041159196 -11.000000449929896 -6.000000036494384 
89 15.999999041159196 10.999999550070104 -6.000000036494384 
266 15.999999041159242 -11.000000449929942 -3.649438440334052e-08 
293 15.999999041159242 10.999999550070058 -3.649438440334052e-08 
827 15.999999041159242 -11.00000044992993 -3.0000000364943844 
832 15.999999041159242 10.99999955007007 -3.0000000364943844 
