Node ID, X, Y, Z 
569 -16.000000958840758 10.999999550070058 13.999999963505616 
577 15.999999041159242 10.999999550070058 13.999999963505616 
789 15.999999041159242 10.999999550070058 17.499999963505616 
