Node ID, X, Y, Z 
651 15.999999041159242 -11.000000449929942 69.99999996350562 
750 15.999999041159242 10.999999550070058 66.49999996350562 
757 15.999999041159242 -11.000000449929942 66.49999996350562 
