Node ID, X, Y, Z 
347 -16.000000958840758 -11.000000449929942 3.4999999635056156 
367 -16.000000958840758 10.999999550070058 3.4999999635056156 
764 -16.000000958840758 -11.000000449929942 6.999999963505616 
772 -16.000000958840758 10.999999550070058 6.999999963505616 
