Node ID, X, Y, Z 
333 15.999999041159242 10.999999550070058 38.499999963505616 
337 15.999999041159242 -11.000000449929942 38.499999963505616 
873 15.999999041159242 10.999999550070058 34.999999963505616 
