Node ID, X, Y, Z 
51 -16.000000958840804 10.999999550070104 -6.000000036494384 
264 -16.000000958840758 10.999999550070058 -3.649438440334052e-08 
829 -16.000000958840758 10.99999955007007 -3.0000000364943844 
