Node ID, X, Y, Z 
397 -16.000000958840758 10.999999550070058 27.999999963505616 
401 -16.000000958840758 -11.000000449929942 27.999999963505616 
444 -16.000000958840758 10.999999550070058 38.499999963505616 
862 -16.000000958840758 10.999999550070058 34.999999963505616 
873 15.999999041159242 10.999999550070058 34.999999963505616 
874 -16.000000958840758 10.999999550070058 31.499999963505616 
