Node ID, X, Y, Z 
401 -16.000000958840758 -11.000000449929942 27.999999963505616 
421 -16.000000958840758 -11.000000449929942 24.499999963505616 
436 15.999999041159242 -11.000000449929942 24.499999963505616 
