Node ID, X, Y, Z 
497 -16.000000958840758 10.999999550070058 66.49999996350562 
634 -16.000000958840758 10.999999550070058 69.99999996350562 
652 -16.000000958840758 -11.000000449929942 69.99999996350562 
677 -16.000000958840758 10.999999550070058 62.999999963505616 
692 -16.000000958840758 -11.000000449929942 62.999999963505616 
758 -16.000000958840758 -11.000000449929942 66.49999996350562 
