Node ID, X, Y, Z 
89 15.999999041159196 10.999999550070104 -6.000000036494384 
293 15.999999041159242 10.999999550070058 -3.649438440334052e-08 
832 15.999999041159242 10.99999955007007 -3.0000000364943844 
