Node ID, X, Y, Z 
151 15.999999041159242 10.999999550070058 31.499999963505616 
406 15.999999041159242 -11.000000449929942 27.999999963505616 
408 15.999999041159242 10.999999550070058 27.999999963505616 
792 15.999999041159242 -11.000000449929942 31.499999963505616 
870 15.999999041159242 -11.000000449929942 34.999999963505616 
