Node ID, X, Y, Z 
230 -16.000000958840758 10.999999550070058 52.499999963505616 
252 -16.000000958840758 -11.000000449929942 48.999999963505616 
485 -16.000000958840758 -11.000000449929942 52.499999963505616 
514 -16.000000958840758 10.999999550070058 59.499999963505616 
526 -16.000000958840758 -11.000000449929942 59.499999963505616 
734 -16.000000958840758 10.999999550070058 55.999999963505616 
745 -16.000000958840758 -11.000000449929942 55.999999963505616 
