Node ID, X, Y, Z 
549 -16.000000958840758 -11.000000449929942 13.999999963505616 
560 15.999999041159242 -11.000000449929942 13.999999963505616 
594 -16.000000958840758 -11.000000449929942 10.499999963505616 
783 15.999999041159242 -11.000000449929942 17.499999963505616 
