Node ID, X, Y, Z 
184 15.999999041159242 10.999999550070058 41.999999963505616 
202 15.999999041159242 -11.000000449929942 41.999999963505616 
205 -16.000000958840758 -11.000000449929942 41.999999963505616 
