Node ID, X, Y, Z 
502 15.999999041159242 10.999999550070058 59.499999963505616 
521 15.999999041159242 -11.000000449929942 59.499999963505616 
747 15.999999041159242 -11.000000449929942 55.999999963505616 
