Node ID, X, Y, Z 
485 -16.000000958840758 -11.000000449929942 52.499999963505616 
745 -16.000000958840758 -11.000000449929942 55.999999963505616 
