Node ID, X, Y, Z 
234 15.999999041159242 10.999999550070058 48.999999963505616 
457 15.999999041159242 10.999999550070058 45.499999963505616 
465 15.999999041159242 -11.000000449929942 45.499999963505616 
