Node ID, X, Y, Z 
367 -16.000000958840758 10.999999550070058 3.4999999635056156 
772 -16.000000958840758 10.999999550070058 6.999999963505616 
