Node ID, X, Y, Z 
184 15.999999041159242 10.999999550070058 41.999999963505616 
191 -16.000000958840758 10.999999550070058 41.999999963505616 
205 -16.000000958840758 -11.000000449929942 41.999999963505616 
260 -16.000000958840758 10.999999550070058 45.499999963505616 
333 15.999999041159242 10.999999550070058 38.499999963505616 
457 15.999999041159242 10.999999550070058 45.499999963505616 
466 -16.000000958840758 -11.000000449929942 45.499999963505616 
