Node ID, X, Y, Z 
191 -16.000000958840758 10.999999550070058 41.999999963505616 
241 -16.000000958840758 10.999999550070058 48.999999963505616 
260 -16.000000958840758 10.999999550070058 45.499999963505616 
444 -16.000000958840758 10.999999550070058 38.499999963505616 
