Node ID, X, Y, Z 
357 15.999999041159242 -11.000000449929942 3.4999999635056156 
371 15.999999041159242 10.999999550070058 3.4999999635056156 
