Node ID, X, Y, Z 
397 -16.000000958840758 10.999999550070058 27.999999963505616 
437 15.999999041159242 10.999999550070058 24.499999963505616 
