Node ID, X, Y, Z 
134 -16.000000958840758 10.999999550070058 31.499999963505616 
168 -16.000000958840758 10.999999550070058 27.999999963505616 
198 -16.000000958840758 10.999999550070058 24.499999963505616 
323 -16.000000958840758 10.999999550070058 20.999999963505616 
443 -16.000000958840758 10.999999550070058 17.499999963505616 
192 15.999999041159242 10.999999550070058 27.999999963505616 
222 15.999999041159242 10.999999550070058 24.499999963505616 
328 15.999999041159242 10.999999550070058 20.999999963505616 
