Node ID, X, Y, Z 
67 15.999999041159196 -11.000000449929885 -12.000000036494384 
