Node ID, X, Y, Z 
560 15.999999041159299 -11.000000449929829 14.0 
577 15.999999041159299 10.999999550070171 14.0 
600 15.999999041159299 -11.000000449929829 10.5 
783 15.999999041159299 -11.000000449929829 17.5 
789 15.999999041159299 10.999999550070171 17.5 
