Node ID, X, Y, Z 
347 -16.0000009588407 -11.000000449929829 3.5 
357 15.999999041159299 -11.000000449929829 3.5 
367 -16.0000009588407 10.999999550070171 3.5 
764 -16.0000009588407 -11.000000449929829 7.0 
770 15.999999041159299 -11.000000449929829 7.0 
