Node ID, X, Y, Z 
151 15.999999041159299 10.999999550070171 31.5 
406 15.999999041159299 -11.000000449929829 28.0 
408 15.999999041159299 10.999999550070171 28.0 
792 15.999999041159299 -11.000000449929829 31.5 
870 15.999999041159299 -11.000000449929829 35.0 
873 15.999999041159299 10.999999550070171 35.0 
