Node ID, X, Y, Z 
191 -16.0000009588407 10.999999550070171 42.0 
205 -16.0000009588407 -11.000000449929829 42.0 
260 -16.0000009588407 10.999999550070171 45.5 
444 -16.0000009588407 10.999999550070171 38.5 
457 15.999999041159299 10.999999550070171 45.5 
466 -16.0000009588407 -11.000000449929829 45.5 
