Node ID, X, Y, Z 
24 15.999999041159196 -11.000000449929889 -6.000000036494384 
86 15.999999041159196 10.999999550070111 -6.000000036494384 
291 15.999999041159242 10.99999955007006 -3.649438440334052e-08 
568 15.999999041159242 -11.000000449929928 -3.0000000364943844 
594 15.999999041159242 10.999999550070072 -3.0000000364943844 
621 15.999999041159242 -11.00000044992994 -3.649438440334052e-08 
