Node ID, X, Y, Z 
794 -16.0000009588407 -11.000000449929829 31.5 
862 -16.0000009588407 10.999999550070171 35.0 
866 -16.0000009588407 -11.000000449929829 35.0 
874 -16.0000009588407 10.999999550070171 31.5 
