Node ID, X, Y, Z 
375 -16.0000009588407 -11.000000449929829 21.0 
397 -16.0000009588407 10.999999550070171 28.0 
401 -16.0000009588407 -11.000000449929829 28.0 
421 -16.0000009588407 -11.000000449929829 24.5 
436 15.999999041159299 -11.000000449929829 24.5 
