Node ID, X, Y, Z 
452 -16.000000958840758 -11.000000449929928 -9.000000036494384 
644 -16.000000958840758 -11.000000449929939 -6.000000036494384 
474 15.999999041159242 -11.000000449929928 -9.000000036494384 
632 15.999999041159242 -11.000000449929939 -3.0000000364943844 
650 15.999999041159242 -11.000000449929939 -6.000000036494384 
