Node ID, X, Y, Z 
865 -16.000000958840758 -11.000000449929942 3.4999999635056156 
145 -16.000000958840758 -11.000000449929942 6.999999963505616 
865 -16.000000958840758 -11.000000449929942 3.4999999635056156 
145 -16.000000958840758 -11.000000449929942 6.999999963505616 
15 -16.000000958840804 -11.000000449929889 -6.000000036494384 
540 -16.000000958840758 -11.000000449929928 -3.0000000364943844 
614 -16.000000958840758 -11.00000044992994 -3.649438440334052e-08 
