Node ID, X, Y, Z 
706 -16.000000958840758 -11.000000449929942 52.499999963505616 
732 -16.000000958840758 -11.000000449929942 59.499999963505616 
759 15.999999041159242 -11.000000449929942 55.999999963505616 
761 -16.000000958840758 -11.000000449929942 55.999999963505616 
759 15.999999041159242 -11.000000449929942 55.999999963505616 
706 -16.000000958840758 -11.000000449929942 52.499999963505616 
732 -16.000000958840758 -11.000000449929942 59.499999963505616 
761 -16.000000958840758 -11.000000449929942 55.999999963505616 
