Node ID, X, Y, Z 
38 -16.000000958840804 10.999999550070115 -12.000000036494384 
480 -16.000000958840758 10.999999550070072 -9.000000036494384 
651 -16.000000958840758 10.999999550070061 -6.000000036494384 
