Node ID, X, Y, Z 
359 15.999999041159242 -11.000000449929942 13.999999963505616 
397 15.999999041159242 -11.000000449929942 10.499999963505616 
374 15.999999041159242 10.999999550070058 13.999999963505616 
404 15.999999041159242 10.999999550070058 10.499999963505616 
500 15.999999041159242 10.999999550070072 -9.000000036494384 
582 15.999999041159242 10.999999550070058 -3.649438440334052e-08 
638 15.999999041159242 10.999999550070061 -3.0000000364943844 
656 15.999999041159242 10.999999550070061 -6.000000036494384 
