Node ID, X, Y, Z 
582 15.999999041159242 10.999999550070058 -3.649438440334052e-08 
