Node ID, X, Y, Z 
441 15.999999041159242 -11.000000449929942 17.499999963505616 
374 15.999999041159242 10.999999550070058 13.999999963505616 
448 15.999999041159242 10.999999550070058 17.499999963505616 
