Node ID, X, Y, Z 
638 15.999999041159242 10.999999550070061 -3.0000000364943844 
