Node ID, X, Y, Z 
562 -16.000000958840758 -11.000000449929942 -3.649438440334052e-08 
618 -16.000000958840758 -11.000000449929939 -3.0000000364943844 
644 -16.000000958840758 -11.000000449929939 -6.000000036494384 
