Node ID, X, Y, Z 
697 -16.000000958840758 10.999999550070058 52.499999963505616 
709 -16.000000958840758 10.999999550070058 48.999999963505616 
738 -16.000000958840758 10.999999550070058 45.499999963505616 
725 15.999999041159242 -11.000000449929942 48.999999963505616 
755 15.999999041159242 -11.000000449929942 45.499999963505616 
704 15.999999041159242 10.999999550070058 48.999999963505616 
747 15.999999041159242 10.999999550070058 45.499999963505616 
