Node ID, X, Y, Z 
727 -16.000000958840758 -11.000000449929942 48.999999963505616 
776 -16.000000958840758 -11.000000449929942 52.499999963505616 
775 15.999999041159242 -11.000000449929942 52.499999963505616 
814 15.999999041159242 -11.000000449929942 59.499999963505616 
863 15.999999041159242 -11.000000449929942 55.999999963505616 
769 15.999999041159242 10.999999550070058 52.499999963505616 
789 15.999999041159242 10.999999550070058 59.499999963505616 
857 15.999999041159242 10.999999550070058 55.999999963505616 
