Node ID, X, Y, Z 
291 -16.000000958840758 10.999999550070058 3.4999999635056156 
429 -16.000000958840758 10.999999550070058 6.999999963505616 
269 -16.000000958840758 -11.000000449929942 3.4999999635056156 
421 -16.000000958840758 -11.000000449929942 6.999999963505616 
359 15.999999041159242 -11.000000449929942 13.999999963505616 
