Node ID, X, Y, Z 
67 15.999999041159196 -11.000000449929885 -12.000000036494384 
6 15.999999041159196 10.999999550070115 -12.000000036494384 
500 15.999999041159242 10.999999550070072 -9.000000036494384 
656 15.999999041159242 10.999999550070061 -6.000000036494384 
