Node ID, X, Y, Z 
158 15.999999041159242 -11.000000449929942 31.499999963505616 
189 15.999999041159242 -11.000000449929942 27.999999963505616 
219 15.999999041159242 -11.000000449929942 24.499999963505616 
321 15.999999041159242 -11.000000449929942 20.999999963505616 
162 15.999999041159242 10.999999550070058 31.499999963505616 
192 15.999999041159242 10.999999550070058 27.999999963505616 
222 15.999999041159242 10.999999550070058 24.499999963505616 
