Node ID, X, Y, Z 
283 15.999999041159242 -11.000000449929942 3.4999999635056156 
427 15.999999041159242 -11.000000449929942 6.999999963505616 
434 15.999999041159242 10.999999550070058 6.999999963505616 
