Node ID, X, Y, Z 
104 -16.000000958840747 -11.000000449929797 -6.0 
