Node ID, X, Y, Z 
24 15.999999041159253 -11.000000449929797 -6.0 
266 15.999999041159299 -11.000000449929829 0.0 
293 15.999999041159299 10.999999550070171 0.0 
827 15.999999041159299 -11.00000044992983 -3.0 
832 15.999999041159299 10.99999955007017 -3.0 
