Node ID, X, Y, Z 
51 -16.000000958840747 10.999999550070203 -6.0 
