Node ID, X, Y, Z 
264 -16.0000009588407 10.999999550070171 0.0 
347 -16.0000009588407 -11.000000449929829 3.5 
367 -16.0000009588407 10.999999550070171 3.5 
720 -16.0000009588407 -11.000000449929829 0.0 
821 -16.0000009588407 -11.00000044992983 -3.0 
829 -16.0000009588407 10.99999955007017 -3.0 
