Node ID, X, Y, Z 
24 15.999999041159253 -11.000000449929797 -6.0 
51 -16.000000958840747 10.999999550070203 -6.0 
89 15.999999041159253 10.999999550070203 -6.0 
104 -16.000000958840747 -11.000000449929797 -6.0 
347 -16.0000009588407 -11.000000449929829 3.5 
720 -16.0000009588407 -11.000000449929829 0.0 
821 -16.0000009588407 -11.00000044992983 -3.0 
832 15.999999041159299 10.99999955007017 -3.0 
