Node ID, X, Y, Z 
697 -16.000000958840758 10.999999550070058 52.499999963505616 
834 -16.000000958840758 10.999999550070058 55.999999963505616 
725 15.999999041159242 -11.000000449929942 48.999999963505616 
775 15.999999041159242 -11.000000449929942 52.499999963505616 
704 15.999999041159242 10.999999550070058 48.999999963505616 
769 15.999999041159242 10.999999550070058 52.499999963505616 
