Node ID, X, Y, Z 
269 -16.000000958840758 -11.000000449929942 3.4999999635056156 
421 -16.000000958840758 -11.000000449929942 6.999999963505616 
582 15.999999041159242 10.999999550070058 -3.649438440334052e-08 
638 15.999999041159242 10.999999550070061 -3.0000000364943844 
