Node ID, X, Y, Z 
315 -16.000000958840758 -11.000000449929942 20.999999963505616 
321 15.999999041159242 -11.000000449929942 20.999999963505616 
323 -16.000000958840758 10.999999550070058 20.999999963505616 
359 15.999999041159242 -11.000000449929942 13.999999963505616 
435 -16.000000958840758 -11.000000449929942 17.499999963505616 
441 15.999999041159242 -11.000000449929942 17.499999963505616 
443 -16.000000958840758 10.999999550070058 17.499999963505616 
448 15.999999041159242 10.999999550070058 17.499999963505616 
