Node ID, X, Y, Z 
291 -16.000000958840758 10.999999550070058 3.4999999635056156 
367 -16.000000958840758 10.999999550070058 13.999999963505616 
399 -16.000000958840758 10.999999550070058 10.499999963505616 
429 -16.000000958840758 10.999999550070058 6.999999963505616 
298 15.999999041159242 10.999999550070058 3.4999999635056156 
404 15.999999041159242 10.999999550070058 10.499999963505616 
434 15.999999041159242 10.999999550070058 6.999999963505616 
