Node ID, X, Y, Z 
67 15.999999041159196 -11.000000449929885 -12.000000036494384 
474 15.999999041159242 -11.000000449929928 -9.000000036494384 
576 15.999999041159242 -11.000000449929942 -3.649438440334052e-08 
632 15.999999041159242 -11.000000449929939 -3.0000000364943844 
650 15.999999041159242 -11.000000449929939 -6.000000036494384 
