Node ID, X, Y, Z 
134 -16.000000958840758 10.999999550070058 31.499999963505616 
149 -16.000000958840758 -11.000000449929942 31.499999963505616 
158 15.999999041159242 -11.000000449929942 31.499999963505616 
162 15.999999041159242 10.999999550070058 31.499999963505616 
168 -16.000000958840758 10.999999550070058 27.999999963505616 
181 -16.000000958840758 -11.000000449929942 27.999999963505616 
192 15.999999041159242 10.999999550070058 27.999999963505616 
