Node ID, X, Y, Z 
323 -16.000000958840758 10.999999550070058 20.999999963505616 
345 -16.000000958840758 -11.000000449929942 13.999999963505616 
367 -16.000000958840758 10.999999550070058 13.999999963505616 
399 -16.000000958840758 10.999999550070058 10.499999963505616 
435 -16.000000958840758 -11.000000449929942 17.499999963505616 
443 -16.000000958840758 10.999999550070058 17.499999963505616 
