Node ID, X, Y, Z 
697 -16.000000958840758 10.999999550070058 52.499999963505616 
709 -16.000000958840758 10.999999550070058 48.999999963505616 
727 -16.000000958840758 -11.000000449929942 48.999999963505616 
776 -16.000000958840758 -11.000000449929942 52.499999963505616 
834 -16.000000958840758 10.999999550070058 55.999999963505616 
864 -16.000000958840758 -11.000000449929942 55.999999963505616 
