Node ID, X, Y, Z 
818 -16.000000958840758 -11.000000449929942 59.499999963505616 
864 -16.000000958840758 -11.000000449929942 55.999999963505616 
878 -16.000000958840758 -11.000000449929942 66.49999996350562 
910 -16.000000958840758 -11.000000449929942 69.99999996350562 
926 -16.000000958840758 -11.000000449929942 62.999999963505616 
877 15.999999041159242 -11.000000449929942 66.49999996350562 
909 15.999999041159242 -11.000000449929942 69.99999996350562 
