Node ID, X, Y, Z 
269 -16.000000958840758 -11.000000449929942 3.4999999635056156 
421 -16.000000958840758 -11.000000449929942 6.999999963505616 
562 -16.000000958840758 -11.000000449929942 -3.649438440334052e-08 
618 -16.000000958840758 -11.000000449929939 -3.0000000364943844 
283 15.999999041159242 -11.000000449929942 3.4999999635056156 
427 15.999999041159242 -11.000000449929942 6.999999963505616 
576 15.999999041159242 -11.000000449929942 -3.649438440334052e-08 
