Node ID, X, Y, Z 
594 15.999999041159242 10.999999550070072 -3.0000000364943844 
291 15.999999041159242 10.99999955007006 -3.649438440334052e-08 
86 15.999999041159196 10.999999550070111 -6.000000036494384 
49 -16.000000958840804 10.999999550070111 -6.000000036494384 
229 -16.000000958840758 10.99999955007006 -3.649438440334052e-08 
577 -16.000000958840758 10.999999550070072 -3.0000000364943844 
