Node ID, X, Y, Z 
104 -16.000000958840758 10.999999550070058 34.999999963505616 
134 -16.000000958840758 10.999999550070058 31.499999963505616 
149 -16.000000958840758 -11.000000449929942 31.499999963505616 
168 -16.000000958840758 10.999999550070058 27.999999963505616 
181 -16.000000958840758 -11.000000449929942 27.999999963505616 
211 -16.000000958840758 -11.000000449929942 24.499999963505616 
