Node ID, X, Y, Z 
345 -16.000000958840758 -11.000000449929942 13.999999963505616 
391 -16.000000958840758 -11.000000449929942 10.499999963505616 
359 15.999999041159242 -11.000000449929942 13.999999963505616 
397 15.999999041159242 -11.000000449929942 10.499999963505616 
441 15.999999041159242 -11.000000449929942 17.499999963505616 
374 15.999999041159242 10.999999550070058 13.999999963505616 
448 15.999999041159242 10.999999550070058 17.499999963505616 
