Node ID, X, Y, Z 
397 -16.0000009588407 10.999999550070171 28.0 
401 -16.0000009588407 -11.000000449929829 28.0 
406 15.999999041159299 -11.000000449929829 28.0 
408 15.999999041159299 10.999999550070171 28.0 
436 15.999999041159299 -11.000000449929829 24.5 
792 15.999999041159299 -11.000000449929829 31.5 
794 -16.0000009588407 -11.000000449929829 31.5 
874 -16.0000009588407 10.999999550070171 31.5 
