Node ID, X, Y, Z 
514 -16.0000009588407 10.999999550070171 59.5 
521 15.999999041159299 -11.000000449929829 59.5 
526 -16.0000009588407 -11.000000449929829 59.5 
668 15.999999041159299 10.999999550070171 63.0 
677 -16.0000009588407 10.999999550070171 63.0 
690 15.999999041159299 -11.000000449929829 63.0 
692 -16.0000009588407 -11.000000449929829 63.0 
757 15.999999041159299 -11.000000449929829 66.5 
