Node ID, X, Y, Z 
521 15.999999041159242 -11.000000449929942 59.499999963505616 
630 15.999999041159242 10.999999550070058 69.99999996350562 
651 15.999999041159242 -11.000000449929942 69.99999996350562 
668 15.999999041159242 10.999999550070058 62.999999963505616 
690 15.999999041159242 -11.000000449929942 62.999999963505616 
750 15.999999041159242 10.999999550070058 66.49999996350562 
757 15.999999041159242 -11.000000449929942 66.49999996350562 
