Node ID, X, Y, Z 
24 15.999999041159253 -11.000000449929797 -6.0 
