Node ID, X, Y, Z 
202 15.999999041159242 -11.000000449929942 41.999999963505616 
234 15.999999041159242 10.999999550070058 48.999999963505616 
241 -16.000000958840758 10.999999550070058 48.999999963505616 
251 15.999999041159242 -11.000000449929942 48.999999963505616 
465 15.999999041159242 -11.000000449929942 45.499999963505616 
