Node ID, X, Y, Z 
375 -16.0000009588407 -11.000000449929829 21.0 
410 -16.0000009588407 10.999999550070171 24.5 
421 -16.0000009588407 -11.000000449929829 24.5 
437 15.999999041159299 10.999999550070171 24.5 
528 -16.0000009588407 10.999999550070171 21.0 
534 15.999999041159299 10.999999550070171 21.0 
