Node ID, X, Y, Z 
89 15.999999041159253 10.999999550070203 -6.0 
