Node ID, X, Y, Z 
375 -16.000000958840758 -11.000000449929942 20.999999963505616 
390 15.999999041159242 -11.000000449929942 20.999999963505616 
410 -16.000000958840758 10.999999550070058 24.499999963505616 
528 -16.000000958840758 10.999999550070058 20.999999963505616 
534 15.999999041159242 10.999999550070058 20.999999963505616 
777 -16.000000958840758 -11.000000449929942 17.499999963505616 
785 -16.000000958840758 10.999999550070058 17.499999963505616 
789 15.999999041159242 10.999999550070058 17.499999963505616 
