Node ID, X, Y, Z 
230 -16.0000009588407 10.999999550070171 52.5 
479 15.999999041159299 10.999999550070171 52.5 
485 -16.0000009588407 -11.000000449929829 52.5 
502 15.999999041159299 10.999999550070171 59.5 
734 -16.0000009588407 10.999999550070171 56.0 
740 15.999999041159299 10.999999550070171 56.0 
745 -16.0000009588407 -11.000000449929829 56.0 
747 15.999999041159299 -11.000000449929829 56.0 
