Node ID, X, Y, Z 
266 15.999999041159299 -11.000000449929829 0.0 
827 15.999999041159299 -11.00000044992983 -3.0 
