Node ID, X, Y, Z 
371 15.999999041159299 10.999999550070171 3.5 
602 -16.0000009588407 10.999999550070171 10.5 
606 15.999999041159299 10.999999550070171 10.5 
772 -16.0000009588407 10.999999550070171 7.0 
776 15.999999041159299 10.999999550070171 7.0 
