Node ID, X, Y, Z 
549 -16.0000009588407 -11.000000449929829 14.0 
569 -16.0000009588407 10.999999550070171 14.0 
594 -16.0000009588407 -11.000000449929829 10.5 
602 -16.0000009588407 10.999999550070171 10.5 
764 -16.0000009588407 -11.000000449929829 7.0 
772 -16.0000009588407 10.999999550070171 7.0 
777 -16.0000009588407 -11.000000449929829 17.5 
785 -16.0000009588407 10.999999550070171 17.5 
