Node ID, X, Y, Z 
234 15.999999041159299 10.999999550070171 49.0 
241 -16.0000009588407 10.999999550070171 49.0 
251 15.999999041159299 -11.000000449929829 49.0 
252 -16.0000009588407 -11.000000449929829 49.0 
260 -16.0000009588407 10.999999550070171 45.5 
457 15.999999041159299 10.999999550070171 45.5 
486 15.999999041159299 -11.000000449929829 52.5 
