Node ID, X, Y, Z 
241 -16.0000009588407 10.999999550070171 49.0 
479 15.999999041159299 10.999999550070171 52.5 
485 -16.0000009588407 -11.000000449929829 52.5 
486 15.999999041159299 -11.000000449929829 52.5 
