Node ID, X, Y, Z 
151 15.999999041159299 10.999999550070171 31.5 
184 15.999999041159299 10.999999550070171 42.0 
202 15.999999041159299 -11.000000449929829 42.0 
333 15.999999041159299 10.999999550070171 38.5 
337 15.999999041159299 -11.000000449929829 38.5 
465 15.999999041159299 -11.000000449929829 45.5 
866 -16.0000009588407 -11.000000449929829 35.0 
870 15.999999041159299 -11.000000449929829 35.0 
873 15.999999041159299 10.999999550070171 35.0 
