Node ID, X, Y, Z 
452 -16.000000958840758 -11.000000449929928 -9.000000036494384 
480 -16.000000958840758 10.999999550070072 -9.000000036494384 
562 -16.000000958840758 -11.000000449929942 -3.649438440334052e-08 
577 -16.000000958840758 10.999999550070058 -3.649438440334052e-08 
618 -16.000000958840758 -11.000000449929939 -3.0000000364943844 
633 -16.000000958840758 10.999999550070061 -3.0000000364943844 
644 -16.000000958840758 -11.000000449929939 -6.000000036494384 
651 -16.000000958840758 10.999999550070061 -6.000000036494384 
