Node ID, X, Y, Z 
474 15.999999041159242 -11.000000449929928 -9.000000036494384 
500 15.999999041159242 10.999999550070072 -9.000000036494384 
576 15.999999041159242 -11.000000449929942 -3.649438440334052e-08 
582 15.999999041159242 10.999999550070058 -3.649438440334052e-08 
632 15.999999041159242 -11.000000449929939 -3.0000000364943844 
638 15.999999041159242 10.999999550070061 -3.0000000364943844 
650 15.999999041159242 -11.000000449929939 -6.000000036494384 
656 15.999999041159242 10.999999550070061 -6.000000036494384 
