Node ID, X, Y, Z 
6 15.999999041159196 10.999999550070115 -12.000000036494384 
38 -16.000000958840804 10.999999550070115 -12.000000036494384 
67 15.999999041159196 -11.000000449929885 -12.000000036494384 
76 -16.000000958840804 -11.000000449929885 -12.000000036494384 
480 -16.000000958840758 10.999999550070072 -9.000000036494384 
577 -16.000000958840758 10.999999550070058 -3.649438440334052e-08 
633 -16.000000958840758 10.999999550070061 -3.0000000364943844 
651 -16.000000958840758 10.999999550070061 -6.000000036494384 
