Node ID, X, Y, Z 
6 15.999999041159196 10.999999550070115 -12.000000036494384 
