Node ID, X, Y, Z 
38 -16.000000958840804 10.999999550070115 -12.000000036494384 
67 15.999999041159196 -11.000000449929885 -12.000000036494384 
76 -16.000000958840804 -11.000000449929885 -12.000000036494384 
