Node ID, X, Y, Z 
251 15.999999041159242 -11.000000449929942 48.999999963505616 
479 15.999999041159242 10.999999550070058 52.499999963505616 
486 15.999999041159242 -11.000000449929942 52.499999963505616 
740 15.999999041159242 10.999999550070058 55.999999963505616 
