Node ID, X, Y, Z 
526 -16.000000958840758 -11.000000449929942 59.499999963505616 
690 15.999999041159242 -11.000000449929942 62.999999963505616 
692 -16.000000958840758 -11.000000449929942 62.999999963505616 
758 -16.000000958840758 -11.000000449929942 66.49999996350562 
