Node ID, X, Y, Z 
230 -16.000000958840758 10.999999550070058 52.499999963505616 
514 -16.000000958840758 10.999999550070058 59.499999963505616 
734 -16.000000958840758 10.999999550070058 55.999999963505616 
