Node ID, X, Y, Z 
497 -16.000000958840758 10.999999550070058 66.49999996350562 
668 15.999999041159242 10.999999550070058 62.999999963505616 
677 -16.000000958840758 10.999999550070058 62.999999963505616 
