Node ID, X, Y, Z 
862 -16.000000958840758 10.999999550070058 34.999999963505616 
874 -16.000000958840758 10.999999550070058 31.499999963505616 
