Node ID, X, Y, Z 
85856 -16.000000958840758 -11.000000449929942 3.4999999635056156 
85870 15.999999041159242 -11.000000449929942 3.4999999635056156 
85878 -16.000000958840758 10.999999550070058 3.4999999635056156 
85885 15.999999041159242 10.999999550070058 3.4999999635056156 
86008 -16.000000958840758 -11.000000449929942 6.999999963505616 
86163 15.999999041159242 -11.000000449929942 -3.649438440334052e-08 
86164 -16.000000958840758 10.999999550070058 -3.649438440334052e-08 
86169 15.999999041159242 10.999999550070058 -3.649438440334052e-08 
