Node ID, X, Y, Z 
85625 -16.000000958840804 10.999999550070115 -12.000000036494384 
85663 -16.000000958840804 -11.000000449929885 -12.000000036494384 
86039 -16.000000958840758 -11.000000449929928 -9.000000036494384 
86067 -16.000000958840758 10.999999550070072 -9.000000036494384 
86149 -16.000000958840758 -11.000000449929942 -3.649438440334052e-08 
86205 -16.000000958840758 -11.000000449929939 -3.0000000364943844 
86220 -16.000000958840758 10.999999550070061 -3.0000000364943844 
86231 -16.000000958840758 -11.000000449929939 -6.000000036494384 
86238 -16.000000958840758 10.999999550070061 -6.000000036494384 
