Node ID, X, Y, Z 
86273 -16.000000958840758 -11.000000449929942 41.999999963505616 
86325 -16.000000958840758 10.999999550070058 45.499999963505616 
86334 15.999999041159242 10.999999550070058 45.499999963505616 
86342 15.999999041159242 -11.000000449929942 45.499999963505616 
86343 -16.000000958840758 -11.000000449929942 45.499999963505616 
