Node ID, X, Y, Z 
85593 15.999999041159196 10.999999550070115 -12.000000036494384 
85654 15.999999041159196 -11.000000449929885 -12.000000036494384 
86061 15.999999041159242 -11.000000449929928 -9.000000036494384 
86087 15.999999041159242 10.999999550070072 -9.000000036494384 
86219 15.999999041159242 -11.000000449929939 -3.0000000364943844 
86225 15.999999041159242 10.999999550070061 -3.0000000364943844 
86237 15.999999041159242 -11.000000449929939 -6.000000036494384 
86243 15.999999041159242 10.999999550070061 -6.000000036494384 
