Node ID, X, Y, Z 
24 15.999999041159253 -11.000000449929797 -6.0 
89 15.999999041159253 10.999999550070203 -6.0 
