Node ID, X, Y, Z 
293 15.999999041159299 10.999999550070171 0.0 
832 15.999999041159299 10.99999955007017 -3.0 
