Node ID, X, Y, Z 
230 -16.0000009588407 10.999999550070171 52.5 
514 -16.0000009588407 10.999999550070171 59.5 
526 -16.0000009588407 -11.000000449929829 59.5 
734 -16.0000009588407 10.999999550070171 56.0 
745 -16.0000009588407 -11.000000449929829 56.0 
