Node ID, X, Y, Z 
502 15.999999041159299 10.999999550070171 59.5 
521 15.999999041159299 -11.000000449929829 59.5 
668 15.999999041159299 10.999999550070171 63.0 
690 15.999999041159299 -11.000000449929829 63.0 
740 15.999999041159299 10.999999550070171 56.0 
747 15.999999041159299 -11.000000449929829 56.0 
