Node ID, X, Y, Z 
576 15.999999041159242 -11.000000449929942 -3.649438440334052e-08 
298 15.999999041159242 10.999999550070058 3.4999999635056156 
