Node ID, X, Y, Z 
367 -16.000000958840758 10.999999550070058 13.999999963505616 
399 -16.000000958840758 10.999999550070058 10.499999963505616 
391 -16.000000958840758 -11.000000449929942 10.499999963505616 
