Node ID, X, Y, Z 
128 15.999999041159242 -11.000000449929942 34.999999963505616 
267 15.999999041159242 -11.000000449929942 38.499999963505616 
684 15.999999041159242 -11.000000449929942 41.999999963505616 
132 15.999999041159242 10.999999550070058 34.999999963505616 
262 15.999999041159242 10.999999550070058 38.499999963505616 
661 15.999999041159242 10.999999550070058 41.999999963505616 
