Node ID, X, Y, Z 
800 -16.000000958840758 10.999999550070058 59.499999963505616 
834 -16.000000958840758 10.999999550070058 55.999999963505616 
917 -16.000000958840758 10.999999550070058 62.999999963505616 
818 -16.000000958840758 -11.000000449929942 59.499999963505616 
864 -16.000000958840758 -11.000000449929942 55.999999963505616 
926 -16.000000958840758 -11.000000449929942 62.999999963505616 
913 15.999999041159242 10.999999550070058 62.999999963505616 
