Node ID, X, Y, Z 
577 -16.000000958840758 10.999999550070058 -3.649438440334052e-08 
633 -16.000000958840758 10.999999550070061 -3.0000000364943844 
