Node ID, X, Y, Z 
6 15.999999041159196 10.999999550070115 -12.000000036494384 
500 15.999999041159242 10.999999550070072 -9.000000036494384 
582 15.999999041159242 10.999999550070058 -3.649438440334052e-08 
638 15.999999041159242 10.999999550070061 -3.0000000364943844 
656 15.999999041159242 10.999999550070061 -6.000000036494384 
