Node ID, X, Y, Z 
24 15.999999041159196 -11.000000449929896 -6.000000036494384 
266 15.999999041159242 -11.000000449929942 -3.649438440334052e-08 
827 15.999999041159242 -11.00000044992993 -3.0000000364943844 
