Node ID, X, Y, Z 
594 -16.000000958840758 -11.000000449929942 10.499999963505616 
602 -16.000000958840758 10.999999550070058 10.499999963505616 
606 15.999999041159242 10.999999550070058 10.499999963505616 
