Node ID, X, Y, Z 
252 -16.000000958840758 -11.000000449929942 48.999999963505616 
466 -16.000000958840758 -11.000000449929942 45.499999963505616 
