Node ID, X, Y, Z 
630 15.999999041159242 10.999999550070058 69.99999996350562 
634 -16.000000958840758 10.999999550070058 69.99999996350562 
652 -16.000000958840758 -11.000000449929942 69.99999996350562 
