Node ID, X, Y, Z 
600 15.999999041159242 -11.000000449929942 10.499999963505616 
770 15.999999041159242 -11.000000449929942 6.999999963505616 
776 15.999999041159242 10.999999550070058 6.999999963505616 
